season_name,tournament_name,player_id,player_name,position_group,metric,metric_label,direction,display_format,player_value,reference_value,absolute_difference,relative_difference,difference_pct,classification,benchmark_n
2025/2026,Apertura,1,Aaron Ramsey,MF,ball_recoveries_per90,Recuperaciones,positive,per90,4.426229508196721,4.365422253678968,0.06080725451775315,0.013929295033603614,1.3929295033603615,En línea,36
2025/2026,Apertura,1,Aaron Ramsey,MF,duels_won_per90,Duelos ganados,positive,per90,1.9672131147540983,4.105582072934422,-2.138368958180324,-0.5208442847306051,-52.084428473060505,Por debajo,36
2025/2026,Apertura,1,Aaron Ramsey,MF,key_passes_per90,Pases clave,positive,per90,1.9672131147540983,1.012736155324209,0.9544769594298894,0.942473470915365,94.24734709153651,Destaca,36
2025/2026,Apertura,1,Aaron Ramsey,MF,pass_accuracy,Precisión de pase,descriptive,percentage,0.7631578947368421,0.8474387493060389,-0.08428085456919676,-0.09945362380256238,-9.945362380256238,En línea,36
2025/2026,Apertura,1,Aaron Ramsey,MF,passes_in_final_third_per90,Pases en último tercio,descriptive,per90,5.901639344262295,6.428530287095585,-0.5268909428332895,-0.08196133786457421,-8.196133786457422,En línea,36
2025/2026,Apertura,1,Aaron Ramsey,MF,successful_dribbles_per90,Regates exitosos,positive,per90,0.4918032786885246,0.5549965614825858,-0.06319328279406122,-0.11386247623814161,-11.38624762381416,Por debajo,36
2025/2026,Apertura,184,Adalberto Eliécer Carrasquilla Alcázar,MF,ball_recoveries_per90,Recuperaciones,positive,per90,4.80295566502463,4.365422253678968,0.4375334113456617,0.10022705386103935,10.022705386103935,Destaca,36
2025/2026,Apertura,184,Adalberto Eliécer Carrasquilla Alcázar,MF,duels_won_per90,Duelos ganados,positive,per90,3.9901477832512318,4.105582072934422,-0.11543428968319036,-0.02811642481687984,-2.8116424816879837,En línea,36
2025/2026,Apertura,184,Adalberto Eliécer Carrasquilla Alcázar,MF,key_passes_per90,Pases clave,positive,per90,1.477832512315271,1.012736155324209,0.465096356991062,0.45924731189454765,45.92473118945477,Destaca,36
2025/2026,Apertura,184,Adalberto Eliécer Carrasquilla Alcázar,MF,pass_accuracy,Precisión de pase,descriptive,percentage,0.8183279742765274,0.8474387493060389,-0.029110775029511538,-0.03435147974216441,-3.435147974216441,En línea,36
2025/2026,Apertura,184,Adalberto Eliécer Carrasquilla Alcázar,MF,passes_in_final_third_per90,Pases en último tercio,descriptive,per90,9.38423645320197,6.428530287095585,2.955706166106385,0.4597794572173938,45.97794572173938,Destaca,36
2025/2026,Apertura,184,Adalberto Eliécer Carrasquilla Alcázar,MF,successful_dribbles_per90,Regates exitosos,positive,per90,0.6650246305418719,0.5549965614825858,0.11002806905928608,0.19825000134300552,19.825000134300552,Destaca,36
2025/2026,Apertura,205,Alan Medina Camacho,FW,assists_per90,Asistencias,positive,per90,0.0,0.20121235360392348,-0.20121235360392348,-1.0,-100.0,Por debajo,18
2025/2026,Apertura,205,Alan Medina Camacho,FW,goals_per90,Goles,positive,per90,0.2589928057553957,0.24689790692367616,0.01209489883171952,0.0489874498428147,4.89874498428147,En línea,18
2025/2026,Apertura,205,Alan Medina Camacho,FW,key_passes_per90,Pases clave,positive,per90,0.3884892086330935,1.1130048827055086,-0.724515674072415,-0.6509546232279338,-65.09546232279338,Por debajo,18
2025/2026,Apertura,205,Alan Medina Camacho,FW,shots_on_target_per90,Tiros a puerta,positive,per90,0.6474820143884893,0.9303139157854705,-0.2828319013969812,-0.3040177047746129,-30.401770477461287,Por debajo,18
2025/2026,Apertura,205,Alan Medina Camacho,FW,shots_per90,Tiros,descriptive,per90,1.2949640287769786,2.446347501494231,-1.1513834727172523,-0.4706540963677427,-47.06540963677427,Por debajo,18
2025/2026,Apertura,205,Alan Medina Camacho,FW,successful_dribbles_per90,Regates exitosos,positive,per90,0.5179856115107914,1.1383586861757662,-0.6203730746649748,-0.5449715297988136,-54.497152979881356,Por debajo,18
2025/2026,Apertura,119,Guillermo Martínez Ayala,FW,assists_per90,Asistencias,positive,per90,0.0,0.20121235360392348,-0.20121235360392348,-1.0,-100.0,Por debajo,18
2025/2026,Apertura,119,Guillermo Martínez Ayala,FW,goals_per90,Goles,positive,per90,0.4240282685512367,0.24689790692367616,0.17713036162756055,0.7174235044540781,71.74235044540781,Destaca,18
2025/2026,Apertura,119,Guillermo Martínez Ayala,FW,key_passes_per90,Pases clave,positive,per90,0.6360424028268551,1.1130048827055086,-0.4769624798786535,-0.42853583779367266,-42.85358377936726,Por debajo,18
2025/2026,Apertura,119,Guillermo Martínez Ayala,FW,shots_on_target_per90,Tiros a puerta,positive,per90,0.9540636042402828,0.9303139157854705,0.02374968845481229,0.025528682363909674,2.5528682363909674,En línea,18
2025/2026,Apertura,119,Guillermo Martínez Ayala,FW,shots_per90,Tiros,descriptive,per90,2.65017667844523,2.446347501494231,0.203829176950999,0.08331979689169261,8.33197968916926,En línea,18
2025/2026,Apertura,119,Guillermo Martínez Ayala,FW,successful_dribbles_per90,Regates exitosos,positive,per90,0.21201413427561835,1.1383586861757662,-0.9263445519001479,-0.8137545425266052,-81.37545425266052,Por debajo,18
2025/2026,Apertura,394,Jorge Ruvalcaba,FW,assists_per90,Asistencias,positive,per90,0.2089783281733746,0.20121235360392348,0.007765974569451134,0.03859591337387797,3.8595913373877972,En línea,18
2025/2026,Apertura,394,Jorge Ruvalcaba,FW,goals_per90,Goles,positive,per90,0.34829721362229105,0.24689790692367616,0.10139930669861488,0.41069326168876985,41.069326168876984,Destaca,18
2025/2026,Apertura,394,Jorge Ruvalcaba,FW,key_passes_per90,Pases clave,positive,per90,1.3931888544891642,1.1130048827055086,0.2801839717836556,0.2517365162878534,25.173651628785336,Destaca,18
2025/2026,Apertura,394,Jorge Ruvalcaba,FW,shots_on_target_per90,Tiros a puerta,positive,per90,0.9055727554179567,0.9303139157854705,-0.024741160367513837,-0.026594421461087897,-2.65944214610879,En línea,18
2025/2026,Apertura,394,Jorge Ruvalcaba,FW,shots_per90,Tiros,descriptive,per90,2.6470588235294117,2.446347501494231,0.20071132203518083,0.0820453030129964,8.20453030129964,En línea,18
2025/2026,Apertura,394,Jorge Ruvalcaba,FW,successful_dribbles_per90,Regates exitosos,positive,per90,0.7662538699690402,1.1383586861757662,-0.372104816206726,-0.3268783562910081,-32.68783562910081,Por debajo,18
2025/2026,Apertura,198,José Juan Macías Guzmán,FW,assists_per90,Asistencias,positive,per90,0.41284403669724773,0.20121235360392348,0.21163168309332425,1.0517827524144503,105.17827524144504,Destaca,18
2025/2026,Apertura,198,José Juan Macías Guzmán,FW,goals_per90,Goles,positive,per90,0.41284403669724773,0.24689790692367616,0.16594612977357157,0.6721244900017346,67.21244900017346,Destaca,18
2025/2026,Apertura,198,José Juan Macías Guzmán,FW,key_passes_per90,Pases clave,positive,per90,2.064220183486239,1.1130048827055086,0.9512153007807302,0.8546371319310857,85.46371319310857,Destaca,18
2025/2026,Apertura,198,José Juan Macías Guzmán,FW,shots_on_target_per90,Tiros a puerta,positive,per90,1.2385321100917432,0.9303139157854705,0.30821819430627273,0.3313055830687451,33.130558306874505,Destaca,18
2025/2026,Apertura,198,José Juan Macías Guzmán,FW,shots_per90,Tiros,descriptive,per90,2.889908256880734,2.446347501494231,0.4435607553865033,0.18131551429859252,18.131551429859254,Destaca,18
2025/2026,Apertura,198,José Juan Macías Guzmán,FW,successful_dribbles_per90,Regates exitosos,positive,per90,2.889908256880734,1.1383586861757662,1.751549570704968,1.5386622792761149,153.86622792761148,Destaca,18
2025/2026,Apertura,308,José Luis Caicedo Barrera,MF,ball_recoveries_per90,Recuperaciones,positive,per90,3.431542461005199,4.365422253678968,-0.933879792673769,-0.2139265661842311,-21.392656618423107,Por debajo,36
2025/2026,Apertura,308,José Luis Caicedo Barrera,MF,duels_won_per90,Duelos ganados,positive,per90,4.523396880415945,4.105582072934422,0.41781480748152244,0.101767496072218,10.176749607221799,Destaca,36
2025/2026,Apertura,308,José Luis Caicedo Barrera,MF,key_passes_per90,Pases clave,positive,per90,0.1559792027729636,1.012736155324209,-0.8567569525512453,-0.8459823894378198,-84.59823894378198,Por debajo,36
2025/2026,Apertura,308,José Luis Caicedo Barrera,MF,pass_accuracy,Precisión de pase,descriptive,percentage,0.8808139534883721,0.8474387493060389,0.033375204182333196,0.03938361823749963,3.9383618237499634,En línea,36
2025/2026,Apertura,308,José Luis Caicedo Barrera,MF,passes_in_final_third_per90,Pases en último tercio,descriptive,per90,8.110918544194108,6.428530287095585,1.6823882570985234,0.26170651485856616,26.170651485856617,Destaca,36
2025/2026,Apertura,308,José Luis Caicedo Barrera,MF,successful_dribbles_per90,Regates exitosos,positive,per90,0.3119584055459272,0.5549965614825858,-0.24303815593665862,-0.4379093003520968,-43.790930035209676,Por debajo,36
2025/2026,Apertura,35,Keylor Navas Gamboa,GK,goals_conceded_per90,Goles recibidos,inverse,per90,1.2666666666666666,1.3098039215686275,-0.04313725490196085,-0.032934131736527,-3.2934131736527,En línea,17
2025/2026,Apertura,35,Keylor Navas Gamboa,GK,pass_accuracy,Precisión de pase,descriptive,percentage,0.7893617021276595,0.7689260059583263,0.020435696169333273,0.026576934595759834,2.6576934595759836,En línea,17
2025/2026,Apertura,35,Keylor Navas Gamboa,GK,save_rate,Porcentaje de paradas,positive,percentage,0.703125,0.6034691220238095,0.09965587797619047,0.16513832164598904,16.513832164598906,Destaca,16
2025/2026,Apertura,35,Keylor Navas Gamboa,GK,saves_inside_box_per90,Paradas dentro del área,positive,per90,1.7333333333333334,1.3960784313725492,0.3372549019607842,0.2415730337078651,24.157303370786508,Destaca,17
2025/2026,Apertura,35,Keylor Navas Gamboa,GK,saves_per90,Paradas,positive,per90,3.0,2.1176470588235294,0.8823529411764706,0.41666666666666663,41.666666666666664,Destaca,17
2025/2026,Apertura,53,Nathanael Ananias da Silva,DF,ball_recoveries_per90,Recuperaciones,positive,per90,2.6470588235294117,3.0840249556856403,-0.4369661321562286,-0.14168696376812628,-14.168696376812628,Por debajo,69
2025/2026,Apertura,53,Nathanael Ananias da Silva,DF,clearances_per90,Despejes,descriptive,per90,4.647058823529411,3.9804332944489675,0.6666255290804437,0.16747561880012066,16.747561880012064,Destaca,69
2025/2026,Apertura,53,Nathanael Ananias da Silva,DF,duels_won_per90,Duelos ganados,positive,per90,2.2941176470588234,3.978184381176165,-1.6840667341173416,-0.42332546024914036,-42.33254602491404,Por debajo,69
2025/2026,Apertura,53,Nathanael Ananias da Silva,DF,interceptions_per90,Intercepciones,positive,per90,1.0,0.8317924554031838,0.1682075445968162,0.20222297461844993,20.22229746184499,Destaca,69
2025/2026,Apertura,53,Nathanael Ananias da Silva,DF,pass_accuracy,Precisión de pase,descriptive,percentage,0.8967334035827187,0.8516702121332246,0.04506319144949411,0.052911550512752925,5.291155051275292,En línea,69
2025/2026,Apertura,53,Nathanael Ananias da Silva,DF,tackles_per90,Entradas,positive,per90,1.0588235294117647,1.57645798395539,-0.5176344545436253,-0.3283528389667968,-32.83528389667968,Por debajo,69
2025/2026,Apertura,433,Pablo Alfonso Monroy Reyes,DF,ball_recoveries_per90,Recuperaciones,positive,per90,1.5606936416184969,3.0840249556856403,-1.5233313140671434,-0.4939426029153115,-49.39426029153115,Por debajo,69
2025/2026,Apertura,433,Pablo Alfonso Monroy Reyes,DF,clearances_per90,Despejes,descriptive,per90,0.5202312138728323,3.9804332944489675,-3.4602020805761353,-0.8693028684594875,-86.93028684594874,Por debajo,69
2025/2026,Apertura,433,Pablo Alfonso Monroy Reyes,DF,duels_won_per90,Duelos ganados,positive,per90,5.722543352601155,3.978184381176165,1.7443589714249903,0.43848117741321585,43.84811774132159,Destaca,69
2025/2026,Apertura,433,Pablo Alfonso Monroy Reyes,DF,interceptions_per90,Intercepciones,positive,per90,0.5202312138728323,0.8317924554031838,-0.3115612415303515,-0.3745660825684365,-37.45660825684365,Por debajo,69
2025/2026,Apertura,433,Pablo Alfonso Monroy Reyes,DF,pass_accuracy,Precisión de pase,descriptive,percentage,0.8222222222222222,0.8516702121332246,-0.029447989911002392,-0.03457675223516673,-3.457675223516673,En línea,69
2025/2026,Apertura,433,Pablo Alfonso Monroy Reyes,DF,tackles_per90,Entradas,positive,per90,1.0404624277456647,1.57645798395539,-0.5359955562097254,-0.33999989956274834,-33.99998995627483,Por debajo,69
2025/2026,Apertura,291,Pablo Bennevendo Peña,DF,ball_recoveries_per90,Recuperaciones,positive,per90,3.6560595802301963,3.0840249556856403,0.572034624544556,0.18548313738187028,18.548313738187026,Destaca,69
2025/2026,Apertura,291,Pablo Bennevendo Peña,DF,clearances_per90,Despejes,descriptive,per90,2.4983073798239674,3.9804332944489675,-1.482125914625,-0.3723529085870986,-37.23529085870986,Por debajo,69
2025/2026,Apertura,291,Pablo Bennevendo Peña,DF,duels_won_per90,Duelos ganados,positive,per90,5.727826675693974,3.978184381176165,1.749642294517809,0.4398092513752519,43.98092513752519,Destaca,69
2025/2026,Apertura,291,Pablo Bennevendo Peña,DF,interceptions_per90,Intercepciones,positive,per90,1.5842924847664186,0.8317924554031838,0.7525000293632348,0.904672823701539,90.4672823701539,Destaca,69
2025/2026,Apertura,291,Pablo Bennevendo Peña,DF,pass_accuracy,Precisión de pase,descriptive,percentage,0.8365896980461812,0.8516702121332246,-0.015080514087043362,-0.017706987836606826,-1.7706987836606827,En línea,69
2025/2026,Apertura,291,Pablo Bennevendo Peña,DF,tackles_per90,Entradas,positive,per90,2.3155044008124577,1.57645798395539,0.7390464168570676,0.46880184843415457,46.880184843415456,Destaca,69
2025/2026,Apertura,324,Pedro Jeampierre Vite Uca,MF,ball_recoveries_per90,Recuperaciones,positive,per90,4.213685474189676,4.365422253678968,-0.15173677948929232,-0.034758786360567034,-3.4758786360567036,En línea,36
2025/2026,Apertura,324,Pedro Jeampierre Vite Uca,MF,duels_won_per90,Duelos ganados,positive,per90,3.6734693877551017,4.105582072934422,-0.43211268517932044,-0.10525004189490539,-10.525004189490538,Por debajo,36
2025/2026,Apertura,324,Pedro Jeampierre Vite Uca,MF,key_passes_per90,Pases clave,positive,per90,1.728691476590636,1.012736155324209,0.7159553212664271,0.7069514774430337,70.69514774430337,Destaca,36
2025/2026,Apertura,324,Pedro Jeampierre Vite Uca,MF,pass_accuracy,Precisión de pase,descriptive,percentage,0.8789808917197452,0.8474387493060389,0.03154214241370634,0.03722055716656332,3.722055716656332,En línea,36
2025/2026,Apertura,324,Pedro Jeampierre Vite Uca,MF,passes_in_final_third_per90,Pases en último tercio,descriptive,per90,5.7262905162064826,6.428530287095585,-0.7022397708891024,-0.10923799679356802,-10.923799679356803,Por debajo,36
2025/2026,Apertura,324,Pedro Jeampierre Vite Uca,MF,successful_dribbles_per90,Regates exitosos,positive,per90,0.9723889555822329,0.5549965614825858,0.4173923940996471,0.7520630271738066,75.20630271738065,Destaca,36
2025/2026,Apertura,378,Piero Aldair  Quispe Córdova,MF,ball_recoveries_per90,Recuperaciones,positive,per90,4.960629921259843,4.365422253678968,0.5952076675808744,0.13634595532637467,13.634595532637467,Destaca,36
2025/2026,Apertura,378,Piero Aldair  Quispe Córdova,MF,duels_won_per90,Duelos ganados,positive,per90,6.377952755905512,4.105582072934422,2.27237068297109,0.5534831949777432,55.34831949777433,Destaca,36
2025/2026,Apertura,378,Piero Aldair  Quispe Córdova,MF,key_passes_per90,Pases clave,positive,per90,1.4173228346456692,1.012736155324209,0.4045866793214603,0.39949860306107005,39.949860306107006,Destaca,36
2025/2026,Apertura,378,Piero Aldair  Quispe Córdova,MF,pass_accuracy,Precisión de pase,descriptive,percentage,0.9393939393939394,0.8474387493060389,0.09195519008790054,0.10850954144261392,10.850954144261392,Destaca,36
2025/2026,Apertura,378,Piero Aldair  Quispe Córdova,MF,passes_in_final_third_per90,Pases en último tercio,descriptive,per90,7.086614173228346,6.428530287095585,0.6580838861327614,0.10236925965080647,10.236925965080648,Destaca,36
2025/2026,Apertura,378,Piero Aldair  Quispe Córdova,MF,successful_dribbles_per90,Regates exitosos,positive,per90,0.7086614173228346,0.5549965614825858,0.1536648558402488,0.27687532951511873,27.687532951511873,Destaca,36
2025/2026,Apertura,359,Rodrigo López Quiñones,DF,ball_recoveries_per90,Recuperaciones,positive,per90,3.5231316725978647,3.0840249556856403,0.43910671691222447,0.14238105178192448,14.238105178192448,Destaca,69
2025/2026,Apertura,359,Rodrigo López Quiñones,DF,clearances_per90,Despejes,descriptive,per90,0.4804270462633452,3.9804332944489675,-3.5000062481856222,-0.8793028269225516,-87.93028269225516,Por debajo,69
2025/2026,Apertura,359,Rodrigo López Quiñones,DF,duels_won_per90,Duelos ganados,positive,per90,3.2028469750889683,3.978184381176165,-0.7753374060871967,-0.19489730283893109,-19.48973028389311,Por debajo,69
2025/2026,Apertura,359,Rodrigo López Quiñones,DF,interceptions_per90,Intercepciones,positive,per90,0.32028469750889677,0.8317924554031838,-0.511507757894287,-0.6149463782360837,-61.494637823608365,Por debajo,69
2025/2026,Apertura,359,Rodrigo López Quiñones,DF,pass_accuracy,Precisión de pase,descriptive,percentage,0.7938144329896907,0.8516702121332246,-0.0578557791435339,-0.06793213889519441,-6.793213889519441,En línea,69
2025/2026,Apertura,359,Rodrigo López Quiñones,DF,tackles_per90,Entradas,positive,per90,0.6405693950177935,1.57645798395539,-0.9358885889375965,-0.5936654185920124,-59.36654185920124,Por debajo,69
2025/2026,Apertura,37,Rubén Duarte Sánchez,DF,ball_recoveries_per90,Recuperaciones,positive,per90,4.0,3.0840249556856403,0.9159750443143597,0.2970063658614981,29.70063658614981,Destaca,69
2025/2026,Apertura,37,Rubén Duarte Sánchez,DF,clearances_per90,Despejes,descriptive,per90,4.571428571428571,3.9804332944489675,0.5909952769796036,0.14847511144171008,14.847511144171008,Destaca,69
2025/2026,Apertura,37,Rubén Duarte Sánchez,DF,duels_won_per90,Duelos ganados,positive,per90,4.214285714285714,3.978184381176165,0.2361013331095494,0.05934901716137781,5.934901716137781,En línea,69
2025/2026,Apertura,37,Rubén Duarte Sánchez,DF,interceptions_per90,Intercepciones,positive,per90,1.0714285714285714,0.8317924554031838,0.2396361160253876,0.2880960442340535,28.80960442340535,Destaca,69
2025/2026,Apertura,37,Rubén Duarte Sánchez,DF,pass_accuracy,Precisión de pase,descriptive,percentage,0.8766140602582496,0.8516702121332246,0.024943848125025037,0.029288153759125645,2.9288153759125644,En línea,69
2025/2026,Apertura,37,Rubén Duarte Sánchez,DF,tackles_per90,Entradas,positive,per90,1.642857142857143,1.57645798395539,0.06639915890175296,0.042119206206279645,4.211920620627964,En línea,69
2025/2026,Apertura,452,Santiago López López,FW,assists_per90,Asistencias,positive,per90,0.0,0.20121235360392348,-0.20121235360392348,-1.0,-100.0,Por debajo,18
2025/2026,Apertura,452,Santiago López López,FW,goals_per90,Goles,positive,per90,0.0,0.24689790692367616,-0.24689790692367616,-1.0,-100.0,Por debajo,18
2025/2026,Apertura,452,Santiago López López,FW,key_passes_per90,Pases clave,positive,per90,0.5521472392638037,1.1130048827055086,-0.5608576434417049,-0.5039130125632189,-50.39130125632189,Por debajo,18
2025/2026,Apertura,452,Santiago López López,FW,shots_on_target_per90,Tiros a puerta,positive,per90,0.0,0.9303139157854705,-0.9303139157854705,-1.0,-100.0,Por debajo,18
2025/2026,Apertura,452,Santiago López López,FW,shots_per90,Tiros,descriptive,per90,0.5521472392638037,2.446347501494231,-1.8942002622304273,-0.7742972987580253,-77.42972987580254,Por debajo,18
2025/2026,Apertura,452,Santiago López López,FW,successful_dribbles_per90,Regates exitosos,positive,per90,1.1042944785276074,1.1383586861757662,-0.03406420764815876,-0.029923966902378554,-2.992396690237855,En línea,18
2025/2026,Apertura,388,Santiago Trigos Nava,MF,ball_recoveries_per90,Recuperaciones,positive,per90,3.3201581027667983,4.365422253678968,-1.0452641509121698,-0.23944170578946206,-23.944170578946206,Por debajo,36
2025/2026,Apertura,388,Santiago Trigos Nava,MF,duels_won_per90,Duelos ganados,positive,per90,4.268774703557312,4.105582072934422,0.16319263062288947,0.039748963173509094,3.9748963173509093,En línea,36
2025/2026,Apertura,388,Santiago Trigos Nava,MF,key_passes_per90,Pases clave,positive,per90,0.7114624505928854,1.012736155324209,-0.30127370473132353,-0.297484890953534,-29.7484890953534,Por debajo,36
2025/2026,Apertura,388,Santiago Trigos Nava,MF,pass_accuracy,Precisión de pase,descriptive,percentage,0.9157303370786517,0.8474387493060389,0.0682915877726128,0.0805858686878978,8.05858686878978,En línea,36
2025/2026,Apertura,388,Santiago Trigos Nava,MF,passes_in_final_third_per90,Pases en último tercio,descriptive,per90,5.217391304347826,6.428530287095585,-1.2111389827477588,-0.18840060303969608,-18.840060303969608,Por debajo,36
2025/2026,Apertura,388,Santiago Trigos Nava,MF,successful_dribbles_per90,Regates exitosos,positive,per90,0.8300395256916996,0.5549965614825858,0.2750429642091138,0.4955759788391839,49.55759788391839,Destaca,36
2025/2026,Apertura,67,Álvaro Anyiver Angulo Mosquera,DF,ball_recoveries_per90,Recuperaciones,positive,per90,2.2250639386189257,3.0840249556856403,-0.8589610170667146,-0.2785194767905989,-27.85194767905989,Por debajo,69
2025/2026,Apertura,67,Álvaro Anyiver Angulo Mosquera,DF,clearances_per90,Despejes,descriptive,per90,1.918158567774936,3.9804332944489675,-2.0622747266740316,-0.5181030742432082,-51.810307424320825,Por debajo,69
2025/2026,Apertura,67,Álvaro Anyiver Angulo Mosquera,DF,duels_won_per90,Duelos ganados,positive,per90,3.375959079283888,3.978184381176165,-0.6022253018922772,-0.15138194819271475,-15.138194819271474,Por debajo,69
2025/2026,Apertura,67,Álvaro Anyiver Angulo Mosquera,DF,interceptions_per90,Intercepciones,positive,per90,0.9974424552429667,0.8317924554031838,0.1656499998397829,0.19914823555292957,19.91482355529296,Destaca,69
2025/2026,Apertura,67,Álvaro Anyiver Angulo Mosquera,DF,pass_accuracy,Precisión de pase,descriptive,percentage,0.7798408488063661,0.8516702121332246,-0.07182936332685852,-0.08433941014203564,-8.433941014203564,En línea,69
2025/2026,Apertura,67,Álvaro Anyiver Angulo Mosquera,DF,tackles_per90,Entradas,positive,per90,1.5345268542199488,1.57645798395539,-0.04193112973544122,-0.0265983173431838,-2.65983173431838,En línea,69
2025/2026,Apertura,481,Ángel Amhed Azuaje García,DF,ball_recoveries_per90,Recuperaciones,positive,per90,2.1857142857142855,3.0840249556856403,-0.8983106699713548,-0.2912786643685386,-29.12786643685386,Por debajo,69
2025/2026,Apertura,481,Ángel Amhed Azuaje García,DF,clearances_per90,Despejes,descriptive,per90,5.014285714285714,3.9804332944489675,1.0338524198367467,0.2597336378626258,25.97336378626258,Destaca,69
2025/2026,Apertura,481,Ángel Amhed Azuaje García,DF,duels_won_per90,Duelos ganados,positive,per90,2.957142857142857,3.978184381176165,-1.0210415240333082,-0.25666018117828754,-25.666018117828752,Por debajo,69
2025/2026,Apertura,481,Ángel Amhed Azuaje García,DF,interceptions_per90,Intercepciones,positive,per90,0.9,0.8317924554031838,0.06820754459681622,0.08200067715660497,8.200067715660497,En línea,69
2025/2026,Apertura,481,Ángel Amhed Azuaje García,DF,pass_accuracy,Precisión de pase,descriptive,percentage,0.8807339449541285,0.8516702121332246,0.02906373282090391,0.03412557162015377,3.4125571620153767,En línea,69
2025/2026,Apertura,481,Ángel Amhed Azuaje García,DF,tackles_per90,Entradas,positive,per90,1.542857142857143,1.57645798395539,-0.033600841098247125,-0.0213141367801896,-2.1314136780189603,En línea,69
2025/2026,Clausura,184,Adalberto Eliécer Carrasquilla Alcázar,MF,ball_recoveries_per90,Recuperaciones,positive,per90,5.447570332480819,4.493546397478623,0.954023935002196,0.2123097995688904,21.23097995688904,Destaca,33
2025/2026,Clausura,184,Adalberto Eliécer Carrasquilla Alcázar,MF,duels_won_per90,Duelos ganados,positive,per90,4.143222506393862,3.8647456017980315,0.2784769045958302,0.07205568833981511,7.205568833981511,En línea,33
2025/2026,Clausura,184,Adalberto Eliécer Carrasquilla Alcázar,MF,key_passes_per90,Pases clave,positive,per90,1.4578005115089514,1.5312771792950821,-0.07347666778613071,-0.047983910933718364,-4.798391093371836,En línea,33
2025/2026,Clausura,184,Adalberto Eliécer Carrasquilla Alcázar,MF,pass_accuracy,Precisión de pase,descriptive,percentage,0.8253968253968254,0.8418166644830003,-0.016419839086174948,-0.019505243574928697,-1.9505243574928697,En línea,33
2025/2026,Clausura,184,Adalberto Eliécer Carrasquilla Alcázar,MF,passes_in_final_third_per90,Pases en último tercio,descriptive,per90,7.672634271099744,7.359026647549666,0.31360762355007754,0.04261536729922012,4.261536729922012,En línea,33
2025/2026,Clausura,184,Adalberto Eliécer Carrasquilla Alcázar,MF,successful_dribbles_per90,Regates exitosos,positive,per90,1.1508951406649617,0.5225711936069992,0.6283239470579625,1.2023700401872799,120.23700401872799,Destaca,33
2025/2026,Clausura,205,Alan Medina Camacho,FW,assists_per90,Asistencias,positive,per90,0.2735562310030395,0.2045319380798336,0.06902429292320589,0.33747439921223493,33.747439921223496,Destaca,24
2025/2026,Clausura,205,Alan Medina Camacho,FW,goals_per90,Goles,positive,per90,0.09118541033434652,0.2715632583331725,-0.180377847998826,-0.6642203702590945,-66.42203702590945,Por debajo,24
2025/2026,Clausura,205,Alan Medina Camacho,FW,key_passes_per90,Pases clave,positive,per90,1.1854103343465046,1.520482313166812,-0.33507197882030737,-0.2203721647524003,-22.03721647524003,Por debajo,24
2025/2026,Clausura,205,Alan Medina Camacho,FW,shots_on_target_per90,Tiros a puerta,positive,per90,0.2735562310030395,0.9978866534085613,-0.7243304224055218,-0.7258644255150306,-72.58644255150305,Por debajo,24
2025/2026,Clausura,205,Alan Medina Camacho,FW,shots_per90,Tiros,descriptive,per90,0.9118541033434651,2.8235079007222743,-1.9116537973788092,-0.6770492113338142,-67.70492113338142,Por debajo,24
2025/2026,Clausura,205,Alan Medina Camacho,FW,successful_dribbles_per90,Regates exitosos,positive,per90,1.0030395136778114,0.8038927942225643,0.1991467194552471,0.24772795686997,24.772795686997,Destaca,24
2025/2026,Clausura,337,Antonio Jeremiah Leone Larios,DF,ball_recoveries_per90,Recuperaciones,positive,per90,0.0,2.886729901869146,-2.886729901869146,-1.0,-100.0,Por debajo,60
2025/2026,Clausura,337,Antonio Jeremiah Leone Larios,DF,clearances_per90,Despejes,descriptive,per90,5.3731343283582085,4.865745717560836,0.5073886107973724,0.10427766682631388,10.427766682631388,Destaca,60
2025/2026,Clausura,337,Antonio Jeremiah Leone Larios,DF,duels_won_per90,Duelos ganados,positive,per90,2.6865671641791042,4.1776478869785105,-1.4910807227994063,-0.3569187167369992,-35.69187167369992,Por debajo,60
2025/2026,Clausura,337,Antonio Jeremiah Leone Larios,DF,interceptions_per90,Intercepciones,positive,per90,1.3432835820895521,1.0604712031447465,0.2828123789448056,0.26668558100035816,26.668558100035817,Destaca,60
2025/2026,Clausura,337,Antonio Jeremiah Leone Larios,DF,pass_accuracy,Precisión de pase,descriptive,percentage,0.9027777777777778,0.8532241404077259,0.04955363737005192,0.05807810049346702,5.807810049346702,En línea,60
2025/2026,Clausura,337,Antonio Jeremiah Leone Larios,DF,tackles_per90,Entradas,positive,per90,0.0,1.298434179287234,-1.298434179287234,-1.0,-100.0,Por debajo,60
2025/2026,Clausura,142,Carlos Uriel Antuna Romero,FW,assists_per90,Asistencias,positive,per90,0.5172413793103449,0.2045319380798336,0.31270944123051125,1.5289027433380769,152.8902743338077,Destaca,24
2025/2026,Clausura,142,Carlos Uriel Antuna Romero,FW,goals_per90,Goles,positive,per90,0.3448275862068965,0.2715632583331725,0.073264327873724,0.26978733545698685,26.978733545698685,Destaca,24
2025/2026,Clausura,142,Carlos Uriel Antuna Romero,FW,key_passes_per90,Pases clave,positive,per90,1.0344827586206897,1.520482313166812,-0.4859995545461222,-0.31963512520832804,-31.963512520832804,Por debajo,24
2025/2026,Clausura,142,Carlos Uriel Antuna Romero,FW,shots_on_target_per90,Tiros a puerta,positive,per90,1.0344827586206897,0.9978866534085613,0.036596105212128416,0.03667360925925221,3.6673609259252213,En línea,24
2025/2026,Clausura,142,Carlos Uriel Antuna Romero,FW,shots_per90,Tiros,descriptive,per90,1.7241379310344827,2.8235079007222743,-1.0993699696877917,-0.38936316395876375,-38.936316395876375,Por debajo,24
2025/2026,Clausura,142,Carlos Uriel Antuna Romero,FW,successful_dribbles_per90,Regates exitosos,positive,per90,0.17241379310344826,0.8038927942225643,-0.631479001119116,-0.7855263856790908,-78.55263856790909,Por debajo,24
2025/2026,Clausura,458,Cesar Garza Cantu,MF,ball_recoveries_per90,Recuperaciones,positive,per90,3.9374999999999996,4.493546397478623,-0.5560463974786232,-0.12374333061090162,-12.374333061090162,Por debajo,33
2025/2026,Clausura,458,Cesar Garza Cantu,MF,duels_won_per90,Duelos ganados,positive,per90,4.6875,3.8647456017980315,0.8227543982019685,0.2128870779538997,21.288707795389968,Destaca,33
2025/2026,Clausura,458,Cesar Garza Cantu,MF,key_passes_per90,Pases clave,positive,per90,0.375,1.5312771792950821,-1.1562771792950821,-0.7551063876151868,-75.51063876151868,Por debajo,33
2025/2026,Clausura,458,Cesar Garza Cantu,MF,pass_accuracy,Precisión de pase,descriptive,percentage,0.8988326848249028,0.8418166644830003,0.05701602034190245,0.06772973587653876,6.772973587653876,En línea,33
2025/2026,Clausura,458,Cesar Garza Cantu,MF,passes_in_final_third_per90,Pases en último tercio,descriptive,per90,4.3125,7.359026647549666,-3.0465266475496664,-0.41398500011738204,-41.39850001173821,Por debajo,33
2025/2026,Clausura,458,Cesar Garza Cantu,MF,successful_dribbles_per90,Regates exitosos,positive,per90,0.375,0.5225711936069992,-0.14757119360699922,-0.28239442857231134,-28.239442857231133,Por debajo,33
2025/2026,Clausura,119,Guillermo Martínez Ayala,FW,assists_per90,Asistencias,positive,per90,0.0,0.2045319380798336,-0.2045319380798336,-1.0,-100.0,Por debajo,24
2025/2026,Clausura,119,Guillermo Martínez Ayala,FW,goals_per90,Goles,positive,per90,1.0084033613445378,0.2715632583331725,0.7368401030113653,2.713327670075895,271.3327670075895,Destaca,24
2025/2026,Clausura,119,Guillermo Martínez Ayala,FW,key_passes_per90,Pases clave,positive,per90,1.0084033613445378,1.520482313166812,-0.5120789518222741,-0.33678718087534504,-33.678718087534506,Por debajo,24
2025/2026,Clausura,119,Guillermo Martínez Ayala,FW,shots_on_target_per90,Tiros a puerta,positive,per90,1.7647058823529411,0.9978866534085613,0.7668192289443798,0.7684432157951948,76.84432157951949,Destaca,24
2025/2026,Clausura,119,Guillermo Martínez Ayala,FW,shots_per90,Tiros,descriptive,per90,2.773109243697479,2.8235079007222743,-0.0503986570247954,-0.017849660350482126,-1.7849660350482126,En línea,24
2025/2026,Clausura,119,Guillermo Martínez Ayala,FW,successful_dribbles_per90,Regates exitosos,positive,per90,1.5126050420168067,0.8038927942225643,0.7087122477942424,0.8816004483279763,88.16004483279764,Destaca,24
2025/2026,Clausura,323,Jesús Andrés Rivas Gutiérrez,DF,ball_recoveries_per90,Recuperaciones,positive,per90,2.0,2.886729901869146,-0.8867299018691459,-0.3071745303552618,-30.717453035526184,Por debajo,60
2025/2026,Clausura,323,Jesús Andrés Rivas Gutiérrez,DF,clearances_per90,Despejes,descriptive,per90,2.0,4.865745717560836,-2.865745717560836,-0.5889633129035386,-58.896331290353864,Por debajo,60
2025/2026,Clausura,323,Jesús Andrés Rivas Gutiérrez,DF,duels_won_per90,Duelos ganados,positive,per90,2.5,4.1776478869785105,-1.6776478869785105,-0.40157713918581867,-40.15771391858187,Por debajo,60
2025/2026,Clausura,323,Jesús Andrés Rivas Gutiérrez,DF,interceptions_per90,Intercepciones,positive,per90,0.25,1.0604712031447465,-0.8104712031447465,-0.7642557390915999,-76.42557390916,Por debajo,60
2025/2026,Clausura,323,Jesús Andrés Rivas Gutiérrez,DF,pass_accuracy,Precisión de pase,descriptive,percentage,0.7697841726618705,0.8532241404077259,-0.08343996774585538,-0.09779372593229999,-9.779372593229999,En línea,60
2025/2026,Clausura,323,Jesús Andrés Rivas Gutiérrez,DF,tackles_per90,Entradas,positive,per90,1.25,1.298434179287234,-0.048434179287234036,-0.037301990397250344,-3.730199039725034,En línea,60
2025/2026,Clausura,266,Jordán Carrillo Rodríguez,FW,assists_per90,Asistencias,positive,per90,0.1861427094105481,0.2045319380798336,-0.018389228669285496,-0.08990883693727944,-8.990883693727945,En línea,24
2025/2026,Clausura,266,Jordán Carrillo Rodríguez,FW,goals_per90,Goles,positive,per90,0.2792140641158221,0.2715632583331725,0.0076508057826495945,0.028173199237663656,2.8173199237663655,En línea,24
2025/2026,Clausura,266,Jordán Carrillo Rodríguez,FW,key_passes_per90,Pases clave,positive,per90,1.6752843846949328,1.520482313166812,0.15480207152812087,0.10181116227896402,10.181116227896402,Destaca,24
2025/2026,Clausura,266,Jordán Carrillo Rodríguez,FW,shots_on_target_per90,Tiros a puerta,positive,per90,0.7445708376421925,0.9978866534085613,-0.25331581576636886,-0.25385229364587425,-25.385229364587424,Por debajo,24
2025/2026,Clausura,266,Jordán Carrillo Rodríguez,FW,shots_per90,Tiros,descriptive,per90,2.140641158221303,2.8235079007222743,-0.6828667425009711,-0.24185048050557562,-24.185048050557562,Por debajo,24
2025/2026,Clausura,266,Jordán Carrillo Rodríguez,FW,successful_dribbles_per90,Regates exitosos,positive,per90,1.3029989658738366,0.8038927942225643,0.49910617165127225,0.6208616064707387,62.086160647073875,Destaca,24
2025/2026,Clausura,394,Jorge Ruvalcaba,FW,assists_per90,Asistencias,positive,per90,0.5142857142857142,0.2045319380798336,0.3097537762058806,1.5144518705190015,151.44518705190015,Destaca,24
2025/2026,Clausura,394,Jorge Ruvalcaba,FW,goals_per90,Goles,positive,per90,0.0,0.2715632583331725,-0.2715632583331725,-1.0,-100.0,Por debajo,24
2025/2026,Clausura,394,Jorge Ruvalcaba,FW,key_passes_per90,Pases clave,positive,per90,1.542857142857143,1.520482313166812,0.022374829690331,0.014715613260722132,1.4715613260722131,En línea,24
2025/2026,Clausura,394,Jorge Ruvalcaba,FW,shots_on_target_per90,Tiros a puerta,positive,per90,0.5142857142857142,0.9978866534085613,-0.4836009391228471,-0.4846251199682576,-48.46251199682576,Por debajo,24
2025/2026,Clausura,394,Jorge Ruvalcaba,FW,shots_per90,Tiros,descriptive,per90,3.6,2.8235079007222743,0.7764920992777258,0.27500971365410143,27.500971365410145,Destaca,24
2025/2026,Clausura,394,Jorge Ruvalcaba,FW,successful_dribbles_per90,Regates exitosos,positive,per90,0.5142857142857142,0.8038927942225643,-0.2896070799368501,-0.36025584756848805,-36.02558475684881,Por debajo,24
2025/2026,Clausura,35,Keylor Navas Gamboa,GK,goals_conceded_per90,Goles recibidos,inverse,per90,0.9375,1.8298611111111112,-0.8923611111111112,-0.4876660341555977,-48.76660341555977,Destaca,18
2025/2026,Clausura,35,Keylor Navas Gamboa,GK,pass_accuracy,Precisión de pase,descriptive,percentage,0.7163695299837926,0.802616117710701,-0.08624658772690841,-0.10745683499717056,-10.745683499717055,Por debajo,18
2025/2026,Clausura,35,Keylor Navas Gamboa,GK,save_rate,Porcentaje de paradas,positive,percentage,0.8275862068965517,0.5382830079669161,0.28930319892963563,0.5374555663986643,53.74555663986643,Destaca,18
2025/2026,Clausura,35,Keylor Navas Gamboa,GK,saves_inside_box_per90,Paradas dentro del área,positive,per90,2.5625,1.4756944444444444,1.0868055555555556,0.7364705882352941,73.6470588235294,Destaca,18
2025/2026,Clausura,35,Keylor Navas Gamboa,GK,saves_per90,Paradas,positive,per90,4.5,2.5833333333333335,1.9166666666666665,0.7419354838709676,74.19354838709677,Destaca,18
2025/2026,Clausura,53,Nathanael Ananias da Silva,DF,ball_recoveries_per90,Recuperaciones,positive,per90,2.423580786026201,2.886729901869146,-0.46314911584294505,-0.16044075184971682,-16.044075184971682,Por debajo,60
2025/2026,Clausura,53,Nathanael Ananias da Silva,DF,clearances_per90,Despejes,descriptive,per90,5.567685589519651,4.865745717560836,0.7019398719588148,0.14426151975543275,14.426151975543275,Destaca,60
2025/2026,Clausura,53,Nathanael Ananias da Silva,DF,duels_won_per90,Duelos ganados,positive,per90,2.554585152838428,4.1776478869785105,-1.6230627341400825,-0.38851113785799807,-38.851113785799804,Por debajo,60
2025/2026,Clausura,53,Nathanael Ananias da Silva,DF,interceptions_per90,Intercepciones,positive,per90,0.5240174672489083,1.0604712031447465,-0.5364537358958382,-0.5058635579212576,-50.58635579212576,Por debajo,60
2025/2026,Clausura,53,Nathanael Ananias da Silva,DF,pass_accuracy,Precisión de pase,descriptive,percentage,0.9210526315789473,0.8532241404077259,0.06782849117122147,0.07949668552369911,7.949668552369911,En línea,60
2025/2026,Clausura,53,Nathanael Ananias da Silva,DF,tackles_per90,Entradas,positive,per90,0.7205240174672489,1.298434179287234,-0.5779101618199851,-0.4450823700106421,-44.50823700106421,Por debajo,60
2025/2026,Clausura,31,Olávio Vieira dos Santos Júnior,FW,assists_per90,Asistencias,positive,per90,0.28969957081545067,0.2045319380798336,0.08516763273561706,0.4164026094661761,41.64026094661761,Destaca,24
2025/2026,Clausura,31,Olávio Vieira dos Santos Júnior,FW,goals_per90,Goles,positive,per90,0.5793991416309013,0.2715632583331725,0.3078358832977288,1.133569707430946,113.3569707430946,Destaca,24
2025/2026,Clausura,31,Olávio Vieira dos Santos Júnior,FW,key_passes_per90,Pases clave,positive,per90,1.255364806866953,1.520482313166812,-0.265117506299859,-0.17436408434615772,-17.43640843461577,Por debajo,24
2025/2026,Clausura,31,Olávio Vieira dos Santos Júnior,FW,shots_on_target_per90,Tiros a puerta,positive,per90,0.8690987124463521,0.9978866534085613,-0.12878794096220925,-0.12906069093348224,-12.906069093348224,Por debajo,24
2025/2026,Clausura,31,Olávio Vieira dos Santos Júnior,FW,shots_per90,Tiros,descriptive,per90,2.4141630901287554,2.8235079007222743,-0.4093448105935189,-0.1449773915946208,-14.49773915946208,Por debajo,24
2025/2026,Clausura,31,Olávio Vieira dos Santos Júnior,FW,successful_dribbles_per90,Regates exitosos,positive,per90,1.0622317596566524,0.8038927942225643,0.2583389654340881,0.32135997149212514,32.135997149212514,Destaca,24
2025/2026,Clausura,291,Pablo Bennevendo Peña,DF,ball_recoveries_per90,Recuperaciones,positive,per90,2.9605263157894735,2.886729901869146,0.07379641392032754,0.02556401756622421,2.5564017566224213,En línea,60
2025/2026,Clausura,291,Pablo Bennevendo Peña,DF,clearances_per90,Despejes,descriptive,per90,6.907894736842105,4.865745717560836,2.0421490192812692,0.4196990837213302,41.96990837213302,Destaca,60
2025/2026,Clausura,291,Pablo Bennevendo Peña,DF,duels_won_per90,Duelos ganados,positive,per90,4.539473684210526,4.1776478869785105,0.36182579723201513,0.08660993147838175,8.660993147838175,En línea,60
2025/2026,Clausura,291,Pablo Bennevendo Peña,DF,interceptions_per90,Intercepciones,positive,per90,1.1842105263157894,1.0604712031447465,0.12373932317104286,0.11668334114505262,11.668334114505262,Destaca,60
2025/2026,Clausura,291,Pablo Bennevendo Peña,DF,pass_accuracy,Precisión de pase,descriptive,percentage,0.8784722222222222,0.8532241404077259,0.025248081814496337,0.029591382403258263,2.959138240325826,En línea,60
2025/2026,Clausura,291,Pablo Bennevendo Peña,DF,tackles_per90,Entradas,positive,per90,1.9736842105263157,1.298434179287234,0.6752500312390817,0.5200494888464468,52.004948884644676,Destaca,60
2025/2026,Clausura,460,Pablo Emiliano Lara Nevarez,GK,goals_conceded_per90,Goles recibidos,inverse,per90,2.0,1.8298611111111112,0.17013888888888884,0.09297912713472482,9.297912713472483,En línea,18
2025/2026,Clausura,460,Pablo Emiliano Lara Nevarez,GK,pass_accuracy,Precisión de pase,descriptive,percentage,0.8888888888888888,0.802616117710701,0.08627277117818788,0.10748945763045899,10.7489457630459,Destaca,18
2025/2026,Clausura,460,Pablo Emiliano Lara Nevarez,GK,save_rate,Porcentaje de paradas,positive,percentage,0.3333333333333333,0.5382830079669161,-0.20494967463358277,-0.38074706353387133,-38.074706353387135,Por debajo,18
2025/2026,Clausura,460,Pablo Emiliano Lara Nevarez,GK,saves_inside_box_per90,Paradas dentro del área,positive,per90,0.0,1.4756944444444444,-1.4756944444444444,-1.0,-100.0,Por debajo,18
2025/2026,Clausura,460,Pablo Emiliano Lara Nevarez,GK,saves_per90,Paradas,positive,per90,1.0,2.5833333333333335,-1.5833333333333335,-0.6129032258064516,-61.29032258064516,Por debajo,18
2025/2026,Clausura,324,Pedro Jeampierre Vite Uca,MF,ball_recoveries_per90,Recuperaciones,positive,per90,4.901960784313726,4.493546397478623,0.4084143868351031,0.09088909976856338,9.088909976856337,En línea,33
2025/2026,Clausura,324,Pedro Jeampierre Vite Uca,MF,duels_won_per90,Duelos ganados,positive,per90,4.705882352941177,3.8647456017980315,0.8411367511431451,0.21764349786744444,21.764349786744443,Destaca,33
2025/2026,Clausura,324,Pedro Jeampierre Vite Uca,MF,key_passes_per90,Pases clave,positive,per90,1.6993464052287581,1.5312771792950821,0.16806922593367601,0.10975754631897934,10.975754631897933,Destaca,33
2025/2026,Clausura,324,Pedro Jeampierre Vite Uca,MF,pass_accuracy,Precisión de pase,descriptive,percentage,0.8912037037037037,0.8418166644830003,0.04938703922070342,0.05866721497017923,5.866721497017923,En línea,33
2025/2026,Clausura,324,Pedro Jeampierre Vite Uca,MF,passes_in_final_third_per90,Pases en último tercio,descriptive,per90,6.862745098039215,7.359026647549666,-0.4962815495104511,-0.06743847702680869,-6.743847702680869,En línea,33
2025/2026,Clausura,324,Pedro Jeampierre Vite Uca,MF,successful_dribbles_per90,Regates exitosos,positive,per90,0.7189542483660131,0.5225711936069992,0.19638305475901385,0.3758015312774859,37.58015312774859,Destaca,33
2025/2026,Clausura,186,Robert Morales,FW,assists_per90,Asistencias,positive,per90,0.1278409090909091,0.2045319380798336,-0.07669102898892452,-0.3749586969590549,-37.49586969590549,Por debajo,24
2025/2026,Clausura,186,Robert Morales,FW,goals_per90,Goles,positive,per90,0.5113636363636364,0.2715632583331725,0.23980037803046383,0.8830369008765545,88.30369008765545,Destaca,24
2025/2026,Clausura,186,Robert Morales,FW,key_passes_per90,Pases clave,positive,per90,1.0866477272727273,1.520482313166812,-0.43383458589408463,-0.28532695325505486,-28.532695325505486,Por debajo,24
2025/2026,Clausura,186,Robert Morales,FW,shots_on_target_per90,Tiros a puerta,positive,per90,1.3423295454545454,0.9978866534085613,0.3444428920459841,0.3451723608783051,34.51723608783051,Destaca,24
2025/2026,Clausura,186,Robert Morales,FW,shots_per90,Tiros,descriptive,per90,2.684659090909091,2.8235079007222743,-0.13884880981318348,-0.04917599478919996,-4.917599478919996,En línea,24
2025/2026,Clausura,186,Robert Morales,FW,successful_dribbles_per90,Regates exitosos,positive,per90,0.3196022727272727,0.8038927942225643,-0.4842905214952916,-0.6024317234534283,-60.243172345342835,Por debajo,24
2025/2026,Clausura,359,Rodrigo López Quiñones,DF,ball_recoveries_per90,Recuperaciones,positive,per90,4.358744394618834,2.886729901869146,1.4720144927496883,0.5099245661315819,50.99245661315819,Destaca,60
2025/2026,Clausura,359,Rodrigo López Quiñones,DF,clearances_per90,Despejes,descriptive,per90,3.147982062780269,4.865745717560836,-1.7177636547805673,-0.3530319409378569,-35.30319409378569,Por debajo,60
2025/2026,Clausura,359,Rodrigo López Quiñones,DF,duels_won_per90,Duelos ganados,positive,per90,3.7937219730941707,4.1776478869785105,-0.38392591388433983,-0.09190001749094627,-9.190001749094627,En línea,60
2025/2026,Clausura,359,Rodrigo López Quiñones,DF,interceptions_per90,Intercepciones,positive,per90,0.484304932735426,1.0604712031447465,-0.5761662704093204,-0.5433115663119784,-54.33115663119784,Por debajo,60
2025/2026,Clausura,359,Rodrigo López Quiñones,DF,pass_accuracy,Precisión de pase,descriptive,percentage,0.8479427549194991,0.8532241404077259,-0.005281385488226764,-0.006189915683472077,-0.6189915683472077,En línea,60
2025/2026,Clausura,359,Rodrigo López Quiñones,DF,tackles_per90,Entradas,positive,per90,1.3721973094170403,1.298434179287234,0.07376313012980629,0.0568092948464265,5.68092948464265,En línea,60
2025/2026,Clausura,37,Rubén Duarte Sánchez,DF,ball_recoveries_per90,Recuperaciones,positive,per90,2.8609271523178808,2.886729901869146,-0.02580274955126516,-0.00893840103799042,-0.893840103799042,En línea,60
2025/2026,Clausura,37,Rubén Duarte Sánchez,DF,clearances_per90,Despejes,descriptive,per90,5.125827814569536,4.865745717560836,0.26008209700870033,0.053451641763778326,5.345164176377833,En línea,60
2025/2026,Clausura,37,Rubén Duarte Sánchez,DF,duels_won_per90,Duelos ganados,positive,per90,2.980132450331126,4.1776478869785105,-1.1975154366473846,-0.28664824538706857,-28.664824538706856,Por debajo,60
2025/2026,Clausura,37,Rubén Duarte Sánchez,DF,interceptions_per90,Intercepciones,positive,per90,1.3112582781456954,1.0604712031447465,0.2507870750009489,0.2364864545659127,23.648645456591268,Destaca,60
2025/2026,Clausura,37,Rubén Duarte Sánchez,DF,pass_accuracy,Precisión de pase,descriptive,percentage,0.891213389121339,0.8532241404077259,0.03798924871361309,0.0445243481923277,4.45243481923277,En línea,60
2025/2026,Clausura,37,Rubén Duarte Sánchez,DF,tackles_per90,Entradas,positive,per90,0.7152317880794702,1.298434179287234,-0.5832023912077638,-0.44915822496902275,-44.91582249690227,Por debajo,60
2025/2026,Clausura,67,Álvaro Anyiver Angulo Mosquera,DF,ball_recoveries_per90,Recuperaciones,positive,per90,2.07942238267148,2.886729901869146,-0.807307519197666,-0.2796616055679257,-27.96616055679257,Por debajo,60
2025/2026,Clausura,67,Álvaro Anyiver Angulo Mosquera,DF,clearances_per90,Despejes,descriptive,per90,3.963898916967509,4.865745717560836,-0.9018468005933271,-0.18534606059221206,-18.534606059221208,Por debajo,60
2025/2026,Clausura,67,Álvaro Anyiver Angulo Mosquera,DF,duels_won_per90,Duelos ganados,positive,per90,3.63898916967509,4.1776478869785105,-0.5386587173034205,-0.12893827624448412,-12.893827624448411,Por debajo,60
2025/2026,Clausura,67,Álvaro Anyiver Angulo Mosquera,DF,interceptions_per90,Intercepciones,positive,per90,1.2346570397111913,1.0604712031447465,0.17418583656644482,0.16425324520827156,16.425324520827157,Destaca,60
2025/2026,Clausura,67,Álvaro Anyiver Angulo Mosquera,DF,pass_accuracy,Precisión de pase,descriptive,percentage,0.8555555555555555,0.8532241404077259,0.0023314151478296408,0.002732476775347143,0.2732476775347143,En línea,60
2025/2026,Clausura,67,Álvaro Anyiver Angulo Mosquera,DF,tackles_per90,Entradas,positive,per90,1.4296028880866427,1.298434179287234,0.13116870879940867,0.10102068390668273,10.102068390668272,Destaca,60
2025/2026,Clausura,481,Ángel Amhed Azuaje García,DF,ball_recoveries_per90,Recuperaciones,positive,per90,2.5205930807248764,2.886729901869146,-0.3661368211442695,-0.126834457531755,-12.683445753175501,Por debajo,60
2025/2026,Clausura,481,Ángel Amhed Azuaje García,DF,clearances_per90,Despejes,descriptive,per90,7.85831960461285,4.865745717560836,2.992573887052014,0.6150288282126198,61.502882821261984,Destaca,60
2025/2026,Clausura,481,Ángel Amhed Azuaje García,DF,duels_won_per90,Duelos ganados,positive,per90,2.9654036243822075,4.1776478869785105,-1.212244262596303,-0.29017387185138294,-29.017387185138293,Por debajo,60
2025/2026,Clausura,481,Ángel Amhed Azuaje García,DF,interceptions_per90,Intercepciones,positive,per90,0.29654036243822074,1.0604712031447465,-0.7639308407065257,-0.7203692457099703,-72.03692457099703,Por debajo,60
2025/2026,Clausura,481,Ángel Amhed Azuaje García,DF,pass_accuracy,Precisión de pase,descriptive,percentage,0.8092307692307692,0.8532241404077259,-0.043993371176956675,-0.05156132965944187,-5.156132965944187,En línea,60
2025/2026,Clausura,481,Ángel Amhed Azuaje García,DF,tackles_per90,Entradas,positive,per90,0.4448105436573311,1.298434179287234,-0.853623635629903,-0.6574254199766163,-65.74254199766163,Por debajo,60
