tournament,player_id,player_name,position_group,total_valid_minutes,shots_per90,key_passes_per90,passes_in_final_third_per90,successful_dribbles_per90,passes_per90,pass_accuracy,total_duels_per90,duel_success,ball_recoveries_per90,interceptions_per90,cluster,profile_name,profile_description,PC1,PC2,PC3,PC4,PC5
Apertura,1,Aaron Ramsey,MF,183,1.9672131147540983,1.9672131147540983,5.901639344262295,0.4918032786885246,37.37704918032787,0.7631578947368421,4.426229508196721,0.4444444444444444,4.426229508196721,0.0,4,Finalizador asociativo,"Perfil de orientación ofensiva y finalización. Destaca por su volumen de tiro y generación de pases clave, con participación asociativa intermedia.",-0.8094995381968131,1.9822365234065715,-2.368896312546995,-0.9394133696469763,-0.5062494256823278
Apertura,37,Rubén Duarte Sánchez,DF,1260,0.9285714285714286,0.5,8.642857142857144,0.1428571428571428,49.78571428571429,0.8766140602582496,7.714285714285714,0.5462962962962963,4.0,1.0714285714285714,0,Circulador defensivo,"Perfil de circulación y equilibrio defensivo. Alto volumen y precisión de pase, buena presencia en intercepciones y baja producción ofensiva.",2.6197186419212004,0.15008144522302347,-0.22301601576794375,-0.23475524788095226,0.247319063577671
Apertura,53,Nathanael Ananias da Silva,DF,1530,0.411764705882353,0.1176470588235294,7.705882352941177,0.0,55.82352941176471,0.8967334035827187,4.882352941176471,0.4698795180722891,2.647058823529412,1.0,0,Circulador defensivo,"Perfil de circulación y equilibrio defensivo. Alto volumen y precisión de pase, buena presencia en intercepciones y baja producción ofensiva.",2.8516064560610315,-1.1612153112277304,-1.2736365776617347,-1.0050733320466534,-0.4879696816417106
Apertura,67,Álvaro Anyiver Angulo Mosquera,DF,1173,1.6112531969309465,1.5345268542199488,2.838874680306905,0.9207161125319694,28.92583120204604,0.7798408488063661,6.521739130434783,0.5176470588235295,2.2250639386189257,0.9974424552429668,1,Desequilibrante creativo,"Perfil de desequilibrio y creación. Destaca por el regate, los pases clave y la eficiencia en duelos, con menor volumen de circulación.",-0.8965286358734621,0.28543379535558466,0.07330759117825339,-1.6228221929380844,0.5663916469926746
Apertura,119,Guillermo Martínez Ayala,FW,849,2.65017667844523,0.6360424028268551,1.3780918727915197,0.2120141342756183,9.752650176678443,0.7391304347826086,10.3886925795053,0.4285714285714285,0.6360424028268551,0.1060070671378091,2,Jugador de disputa,Perfil orientado a la disputa directa. Registra un alto volumen de duelos y poca participación en la circulación y progresión del balón.,-3.2762644868921114,-1.904350179928137,-0.2859589445836786,-0.20923937598098424,1.5364560666154137
Apertura,184,Adalberto Eliécer Carrasquilla Alcázar,MF,1218,1.0344827586206895,1.477832512315271,9.38423645320197,0.6650246305418719,45.96059113300493,0.8183279742765274,8.497536945812808,0.4695652173913043,4.80295566502463,0.8128078817733989,3,Progresor recuperador,"Perfil de progresión, creación y recuperación. Combina alto volumen de pase, presencia en el último tercio, pases clave y recuperación del balón.",1.407843795077944,1.5550397770124724,-0.4710073188324234,0.5975130712427881,-0.4853394319659898
Apertura,198,José Juan Macías Guzmán,FW,218,2.889908256880734,2.064220183486239,1.651376146788991,2.889908256880734,17.339449541284406,0.7380952380952381,9.08256880733945,0.5454545454545454,4.128440366972478,0.0,1,Desequilibrante creativo,"Perfil de desequilibrio y creación. Destaca por el regate, los pases clave y la eficiencia en duelos, con menor volumen de circulación.",-3.646996529463599,2.7486949834596217,1.2256796055599775,-0.636518569331573,-0.19467686398829198
Apertura,205,Alan Medina Camacho,FW,695,1.2949640287769786,0.3884892086330935,3.366906474820144,0.5179856115107914,31.33812949640288,0.8388429752066116,9.971223021582734,0.2987012987012987,3.6258992805755392,0.3884892086330935,4,Finalizador asociativo,"Perfil de orientación ofensiva y finalización. Destaca por su volumen de tiro y generación de pases clave, con participación asociativa intermedia.",-0.6430161574842883,-1.1204204536986861,-0.7406786582284274,1.7404989900585937,-0.03271202240025722
Apertura,291,Pablo Bennevendo Peña,DF,1477,0.3046716316858497,0.6702775897088693,4.021665538253216,0.5484089370345294,34.30602572782667,0.8365896980461812,10.236966824644549,0.5595238095238095,3.656059580230196,1.5842924847664186,0,Circulador defensivo,"Perfil de circulación y equilibrio defensivo. Alto volumen y precisión de pase, buena presencia en intercepciones y baja producción ofensiva.",1.3630743545933615,-0.5379657468997926,1.712181742452137,-0.017188888236061756,0.7384419072482572
Apertura,308,José Luis Caicedo Barrera,MF,1154,0.4679376083188908,0.1559792027729636,8.110918544194108,0.3119584055459272,53.65684575389948,0.8808139534883721,8.890814558058926,0.5087719298245614,3.431542461005199,1.3258232235701908,0,Circulador defensivo,"Perfil de circulación y equilibrio defensivo. Alto volumen y precisión de pase, buena presencia en intercepciones y baja producción ofensiva.",2.8639235557521494,-0.7217700441230467,0.3407137413948358,0.22825082463828372,0.04977874187390858
Apertura,324,Pedro Jeampierre Vite Uca,MF,833,1.404561824729892,1.728691476590636,5.7262905162064826,0.9723889555822328,50.88835534213686,0.8789808917197452,9.5078031212485,0.3863636363636363,4.213685474189676,0.432172869147659,3,Progresor recuperador,"Perfil de progresión, creación y recuperación. Combina alto volumen de pase, presencia en el último tercio, pases clave y recuperación del balón.",0.34424587365843434,1.3856080919442932,-0.5551802683347581,1.3663473868837095,-0.3955427781439826
Apertura,359,Rodrigo López Quiñones,DF,562,1.7615658362989324,1.281138790035587,3.8434163701067616,0.9608540925266904,31.06761565836299,0.7938144329896907,9.608540925266905,0.3333333333333333,3.5231316725978647,0.3202846975088967,4,Finalizador asociativo,"Perfil de orientación ofensiva y finalización. Destaca por su volumen de tiro y generación de pases clave, con participación asociativa intermedia.",-1.4679666322500264,0.23377930373872974,-0.6759428553482155,1.2056863256735726,-0.12417347913526015
Apertura,378,Piero Aldair  Quispe Córdova,MF,127,1.4173228346456692,1.4173228346456692,7.086614173228346,0.7086614173228346,46.77165354330708,0.9393939393939394,11.338582677165354,0.5625,4.960629921259843,1.4173228346456692,3,Progresor recuperador,"Perfil de progresión, creación y recuperación. Combina alto volumen de pase, presencia en el último tercio, pases clave y recuperación del balón.",2.2436562750783846,1.6528430023833054,1.3680924498056304,1.106592416028539,1.227553236340124
Apertura,388,Santiago Trigos Nava,MF,759,0.1185770750988142,0.7114624505928854,5.217391304347826,0.8300395256916996,42.21343873517787,0.9157303370786516,9.130434782608695,0.4675324675324675,3.3201581027667983,0.8300395256916996,0,Circulador defensivo,"Perfil de circulación y equilibrio defensivo. Alto volumen y precisión de pase, buena presencia en intercepciones y baja producción ofensiva.",1.466593799176855,-0.543439823257288,0.6239334768780072,0.4709841094830827,-0.5557461973299075
Apertura,394,Jorge Ruvalcaba,FW,1292,2.647058823529412,1.3931888544891642,2.0897832817337463,0.7662538699690402,23.19659442724458,0.8528528528528528,7.035603715170279,0.3762376237623762,2.0897832817337463,0.2786377708978328,4,Finalizador asociativo,"Perfil de orientación ofensiva y finalización. Destaca por su volumen de tiro y generación de pases clave, con participación asociativa intermedia.",-1.9826877631170374,-0.028898439717001043,-1.1911604158530307,-0.3348166888109101,0.8555970336093143
Apertura,433,Pablo Alfonso Monroy Reyes,DF,173,0.5202312138728323,1.0404624277456649,3.6416184971098255,2.601156069364162,23.41040462427745,0.8222222222222222,9.884393063583817,0.5789473684210527,1.5606936416184969,0.5202312138728323,1,Desequilibrante creativo,"Perfil de desequilibrio y creación. Destaca por el regate, los pases clave y la eficiencia en duelos, con menor volumen de circulación.",-1.2372261765813608,-0.22421290967713317,2.5769685673956633,-1.0059337681174605,-1.2103758043362487
Apertura,452,Santiago López López,FW,163,0.5521472392638037,0.5521472392638037,2.208588957055215,1.1042944785276074,12.14723926380368,0.7272727272727273,11.042944785276074,0.3,1.1042944785276074,0.0,2,Jugador de disputa,Perfil orientado a la disputa directa. Registra un alto volumen de duelos y poca participación en la circulación y progresión del balón.,-2.9623390596865464,-2.4732850300458704,0.20023042960864587,0.9789574201004888,-1.0704552659165314
Apertura,481,Ángel Amhed Azuaje García,DF,700,0.2571428571428571,0.3857142857142857,5.014285714285714,0.1285714285714285,42.04285714285714,0.8807339449541285,5.4,0.5476190476190477,2.185714285714285,0.9,0,Circulador defensivo,"Perfil de circulación y equilibrio defensivo. Alto volumen y precisión de pase, buena presencia en intercepciones y baja producción ofensiva.",1.7618622282258818,-1.2781589839489171,-0.3356302371159438,-1.6890691111194036,-0.15829674571685615
Clausura,31,Olávio Vieira dos Santos Júnior,FW,932,2.4141630901287554,1.255364806866953,0.8690987124463521,1.0622317596566524,14.002145922746784,0.8068965517241379,7.145922746781116,0.4189189189189189,1.351931330472103,0.1931330472103004,1,Finalizador directo,Perfil de finalización directa. Destaca por un alto volumen de tiro con baja participación en la circulación y progresión del balón.,-2.822313012376352,-0.5272609037569439,-0.4210350948960642,-0.4839175412229239,-0.3554550682084807
Clausura,37,Rubén Duarte Sánchez,DF,755,0.7152317880794702,0.119205298013245,5.960264900662252,0.119205298013245,56.980132450331126,0.891213389121339,6.913907284768212,0.4310344827586206,2.8609271523178808,1.3112582781456954,0,Circulador defensivo,"Perfil de circulación y equilibrio defensivo. Alto volumen y precisión de pase, fuerte presencia en intercepciones y baja producción ofensiva.",2.148201400179778,-1.0211863146679228,0.3817140670801244,0.09927292331096656,0.6141362013145709
Clausura,53,Nathanael Ananias da Silva,DF,1374,0.7205240174672489,0.3275109170305676,4.519650655021834,0.0,54.75982532751092,0.9210526315789472,5.3056768558951966,0.4814814814814814,2.423580786026201,0.5240174672489083,0,Circulador defensivo,"Perfil de circulación y equilibrio defensivo. Alto volumen y precisión de pase, fuerte presencia en intercepciones y baja producción ofensiva.",1.850812353022472,-1.4255158962425805,0.10188104856553984,-0.4334760778689792,1.0475342702559112
Clausura,67,Álvaro Anyiver Angulo Mosquera,DF,1385,1.2996389891696751,0.4548736462093862,2.339350180505415,0.3249097472924188,29.24187725631769,0.8555555555555555,6.498194945848375,0.56,2.07942238267148,1.2346570397111911,0,Circulador defensivo,"Perfil de circulación y equilibrio defensivo. Alto volumen y precisión de pase, fuerte presencia en intercepciones y baja producción ofensiva.",0.45423083569995476,-1.0613488097343433,-1.2541626893701852,0.11963641424590403,-0.8197600660041009
Clausura,119,Guillermo Martínez Ayala,FW,357,2.773109243697479,1.0084033613445378,2.5210084033613445,1.512605042016807,15.630252100840336,0.7741935483870968,18.15126050420168,0.4722222222222222,1.7647058823529411,0.0,4,Atacante de duelo,"Perfil ofensivo de alta disputa. Combina un volumen muy elevado de duelos con regate, tiro y generación de pases clave.",-3.7303469189504668,1.6986156292475174,-0.6135893760336005,2.4431456368631004,0.2076527571235574
Clausura,142,Carlos Uriel Antuna Romero,FW,476,1.7016806722689075,0.9453781512605044,1.3235294117647058,0.1890756302521008,24.768907563025213,0.8396946564885496,6.239495798319328,0.4545454545454545,3.0252100840336134,0.3781512605042016,1,Finalizador directo,Perfil de finalización directa. Destaca por un alto volumen de tiro con baja participación en la circulación y progresión del balón.,-0.9483119219684817,-1.064835381120327,-0.5952195878404692,-0.9416316524296156,-0.4891807561035088
Clausura,184,Adalberto Eliécer Carrasquilla Alcázar,MF,1173,0.9974424552429668,1.4578005115089514,7.672634271099744,1.1508951406649617,48.33759590792839,0.8253968253968254,8.209718670076725,0.5046728971962616,5.447570332480819,0.7672634271099744,2,Progresor recuperador,"Perfil de progresión y recuperación. Combina alto volumen de pase, progresión hacia el último tercio, creación y una elevada recuperación del balón.",0.6354820583697818,2.4729514726851205,0.926907887038705,-0.8350406098111671,-0.1560393880647922
Clausura,186,Robert Morales,FW,1408,2.684659090909091,1.0866477272727273,1.150568181818182,0.3196022727272727,14.89346590909091,0.7939914163090128,10.035511363636363,0.3885350318471338,1.4701704545454546,0.2556818181818182,1,Finalizador directo,Perfil de finalización directa. Destaca por un alto volumen de tiro con baja participación en la circulación y progresión del balón.,-2.8404410992304676,-1.080200898383893,-0.5847602700812947,-0.02777020699200611,-0.2670274281932461
Clausura,205,Alan Medina Camacho,FW,987,0.9118541033434652,1.1854103343465046,4.832826747720365,1.0030395136778114,38.02431610942249,0.8081534772182254,9.939209726443767,0.5229357798165137,6.382978723404256,0.9118541033434652,2,Progresor recuperador,"Perfil de progresión y recuperación. Combina alto volumen de pase, progresión hacia el último tercio, creación y una elevada recuperación del balón.",0.1659126524496441,2.2721079789358507,0.059253503335085854,-0.3788155991288392,-1.0650580611198726
Clausura,266,Jordán Carrillo Rodríguez,FW,967,2.140641158221303,1.6752843846949328,4.188210961737332,1.3029989658738366,33.412616339193384,0.8941504178272981,13.495346432264736,0.4827586206896552,3.90899689762151,0.3722854188210962,4,Atacante de duelo,"Perfil ofensivo de alta disputa. Combina un volumen muy elevado de duelos con regate, tiro y generación de pases clave.",-1.2447775622193846,2.2482444832482584,-0.9649157889100353,0.022701065055996377,1.5275584168383247
Clausura,291,Pablo Bennevendo Peña,DF,456,0.0,0.0,4.934210526315789,0.0,56.84210526315789,0.8784722222222222,7.697368421052632,0.5897435897435898,2.960526315789473,1.1842105263157894,0,Circulador defensivo,"Perfil de circulación y equilibrio defensivo. Alto volumen y precisión de pase, fuerte presencia en intercepciones y baja producción ofensiva.",2.6955857560616505,-0.7495535270466291,-0.29224863480576174,0.7726124897558994,-0.21212946131604243
Clausura,323,Jesús Andrés Rivas Gutiérrez,DF,360,0.25,0.25,5.5,0.5,34.75,0.7697841726618705,6.75,0.3703703703703703,2.0,0.25,3,Circulador de apoyo,"Perfil de apoyo en la circulación. Participa en la progresión y el movimiento del balón, con menor producción en creación, finalización y recuperación.",-0.3395394837728016,-1.0289112314556303,2.105707300919751,0.5496699739746285,-0.8572984564124921
Clausura,324,Pedro Jeampierre Vite Uca,MF,1377,0.457516339869281,1.699346405228758,6.862745098039215,0.7189542483660131,56.47058823529412,0.8912037037037037,8.03921568627451,0.5853658536585366,4.901960784313726,1.3725490196078431,2,Progresor recuperador,"Perfil de progresión y recuperación. Combina alto volumen de pase, progresión hacia el último tercio, creación y una elevada recuperación del balón.",2.0810169657928372,2.063271304978726,-0.5175383816736961,-1.1074852941789723,0.4190779744681127
Clausura,337,Antonio Jeremiah Leone Larios,DF,134,0.0,0.0,3.3582089552238803,0.0,48.35820895522388,0.9027777777777778,6.716417910447761,0.4,0.0,1.343283582089552,0,Circulador defensivo,"Perfil de circulación y equilibrio defensivo. Alto volumen y precisión de pase, fuerte presencia en intercepciones y baja producción ofensiva.",1.6381057803972536,-2.6867033927445623,-0.14776525982725902,0.7289288868027509,0.8130962905514101
Clausura,359,Rodrigo López Quiñones,DF,1115,0.484304932735426,0.726457399103139,7.829596412556054,1.2914798206278026,45.12107623318386,0.8479427549194991,7.829596412556054,0.4845360824742268,4.358744394618834,0.484304932735426,2,Progresor recuperador,"Perfil de progresión y recuperación. Combina alto volumen de pase, progresión hacia el último tercio, creación y una elevada recuperación del balón.",0.885478072236729,1.6626297842749356,1.4325101687918478,0.09981295737419436,0.1419333024483301
Clausura,394,Jorge Ruvalcaba,FW,175,3.6,1.542857142857143,0.5142857142857142,0.5142857142857142,16.457142857142856,0.78125,7.2,0.2142857142857142,1.0285714285714285,0.0,1,Finalizador directo,Perfil de finalización directa. Destaca por un alto volumen de tiro con baja participación en la circulación y progresión del balón.,-4.173393167826584,-1.6505668107756042,0.28722276170933453,-1.4387701102271144,0.34080936087236974
Clausura,458,Cesar Garza Cantu,MF,480,0.1875,0.375,4.3125,0.375,48.1875,0.8988326848249028,7.5,0.625,3.9375,2.625,0,Circulador defensivo,"Perfil de circulación y equilibrio defensivo. Alto volumen y precisión de pase, fuerte presencia en intercepciones y baja producción ofensiva.",3.1672716530631106,0.14274032518104038,-1.8728223999997626,0.26825260268684203,-0.8782419410083577
Clausura,481,Ángel Amhed Azuaje García,DF,607,0.4448105436573311,0.2965403624382207,6.375617792421746,0.7413509060955519,48.18780889621087,0.8092307692307692,7.413509060955518,0.4,2.5205930807248764,0.2965403624382207,3,Circulador de apoyo,"Perfil de apoyo en la circulación. Participa en la progresión y el movimiento del balón, con menor producción en creación, finalización y recuperación.",0.37702563907132536,-0.26447781262301073,1.9688607459977399,0.5428741417893348,-0.01160794744169302
